{
    "id": "",
    "avatar": null,
    "name": null,
    "email": "TEST17@gmail.com",
    "password": null,
    "pin_code": null,
    "profile": {
        "nickname": null,
        "first_name": "TEST",
        "middle_name": null,
        "last_name": "TEST",
        "birthday": "1980-02-15",
        "mailing_address": null,
        "city": null,
        "state_id": null,
        "country_id": null,
        "company_email_address": "TEST17@gmail.com",
        "personal_email": null,
        "phone_number": null,
        "gender": null,
        "drivers_license_number": null,
        "drivers_license_expiration": null,
        "occupational_license_number": null,
        "occupational_license_expiration": null,
        "hourly_rate": null,
        "zip": null
    },
    "first_name": "TEST",
    "last_name": "AUTOMATION"
}