{
    "id": null,
    "first_name": "TEST PATIENT",
    "middle_name": null,
    "last_name": "AUTOMATION",
    "email": null,
    "birthday": "1943-08-25",
    "phone": null,
    "cellphone": null,
    "cellphone_carrier": null,
    "id_is_temporary": false,
    "rec_num": null,
    "rec_exp_date": null,
    "dl_number": null,
    "dl_exp_date": null,
    "medical_customer": 0,
    "flat_discount_rate": null,
    "member_level_id": null,
    "tax_exempt": 0,
    "id_type": null,
    "id_number": null,
    "medical_card_number": null,
    "medical_card_expiration": null,
    "shows_checkin_note": false,
    "caregiver": null,
    "patient": null,
    "isCaregiver": false,
    "isPatient": false,
    "profiles":[{
        "medical_card_number": null,
        "medical_card_expiration": null,
        "condition_profiles": null,
        "customer_id": null,
        "profile_type": "PATIENT"
    }]
}