{
    "account_id": "",
    "batches": [],
    "brand": null,
    "brand_id": null,
    "category": null,
    "product_category_id": 7,
    "created_at": null,
    "default_cost_per_unit": 0,
    "deleted_at": null,
    "deleted_by": null,
    "id": null,
    "require_inventory": 0,
    "marijuana": 1,
    "medicated": 0,
    "member_discount": 0,
    "member_only": 0,
    "name": "Automation Test",
    "pre_packaged": 0,
    "price": 0,
    "strain_id": null,
    "strain": null,
    "tax_id": null,
    "tax": {},
    "type": null,
    "updated_at": null,
    "vendor": null,
    "vendor_id": null,
    "requires_weighing": 1,
    "shareable": true,
    "metrc_weighable": false,
    "metrc_item_association": null,
    "price_settings": {
        "id": null,
        "default_cost_per_unit": null,
        "price_point_by_usable_weight": 0,
        "block_item_from_being_sold_below_cost_per_unit": 0,
        "member_discount_eligible": 1,
        "block_item_from_being_sold_at_zero_cost": 0,
        "members_only_product": 0
    },
    "packaging_detail": {
        "id": null,
        "ingredients": "",
        "allergens": "",
        "manufacturer_id": null,
        "cultivator_id": null,
        "activation_time": "",
        "activation_time_unit": "",
        "lasting_effect_time": "",
        "lasting_effect_time_unit": "",
        "recreational_template_label_id": null,
        "medical_template_label_id": null,
        "inventory_template_label_id": null,
        "suggested_amount": null,
        "serving_size": null,
        "serving_size_unit": "",
        "serving_size_of_the_container": null,
        "product_id": null
    },
    "unit": "g",
    "batch_type_id": 5
}