 {
                "id": null,
                "name": "Strain auto",
                "strain_type_id": 3,
                "rank": 7,
                "avatar_file_name": "example_strain.png",
                "avatar_file_size": 16627,
                "avatar_content_type": "image/png",
                "avatar_variants": "[]",
                "avatar_updated_at": "2019-07-22T21:16:30+00:00",
                "account_id": 1,
                "deleted_by": null,
                "created_at": null,
                "updated_at": null,
                "parent_id": 7,
                "location_id": 1,
                "avatar_medium_url": "https://dev.static.dispensary.helixcore.com/strains/7/avatar/medium/example_strain.png",
                "avatar_thumb_url": "https://dev.static.dispensary.helixcore.com/strains/7/avatar/thumb/example_strain.png",
                "avatar_original_url": "https://dev.static.dispensary.helixcore.com/strains/7/avatar/original/example_strain.png"
 }